"bolsa dupla face","bolsa"
"bolsa piton co.","bolsa"
"bolsa fada","bolsa"
"bolsa Kim","bolsa"
"bolsa medalha dourada","bolsa"
"bolsa XX trice","bolsa"
"bolsa trice dourada","bolsa"
"Cinto Masculino Baixo Relevo 100% Couro Legítimo","cinto"
"Cinto Country Couro Legítimo","cinto"
"Kit Cinto Apache + Cinto Apache","cinto"
"Kit com 3 cintos de musculação","cinto"
"Kit Cinto Feminino Liso Largo + Cinto Trançado Borboleta","cinto"
"Cinto Feminino Trançado","cinto"
"Cinto Feminino Trançado Borboleta 100% Couro Legítimo","cinto"
"Kit cinto social liso + cinto dupla face","cinto"
"Carteira Mágica, Couro Legítimo","carteira"
"Carteira de Couro Masculina com Passador","carteira"
"Carteira Masculina Couro Legítimo, Com Porta Cheques, Preta","carteira"
"Carteira Masculina Social Preta, abre de três lados","carteira"
"Vinho Charamba Douro DOC 750 ml","vinho"
"Vinho Septima Varietal Cabernet Sauvignon 750 ml","vinho"
"Vinho Bardolino DOC Anella 750 ml","vinho"
"Vinho Planeta Santa Cecilia 2007 IGT","vinho"
"Vinho Angaro Cabernet Tempranillo 750 ml","vinho"
"Vinho Angaro Malbec Shiraz 750 ml","vinho"
"Vinho Quixote Cabernet Sauvignon e Syrah 2006 DO. Pago 750 ml","vinho"
"Vinho Casal Garcia Branco 750ml","vinho"
"Vinho Tommasi Ripasso Valpolicella Classico Superiore DOC 2007 750ml","vinho"
"Vinho Casal Garcia Tinto 750ml","vinho"
"Vinho Bolla Valpolicella Classico DOC 750 ml","vinho"
"Vinho Elio Grasso Barolo Gavarini Vigna Chiniera 2005 DOCG 750 ml","vinho"
"Vinho Elio Grasso Barolo Ginestra Vigna Casa Maté 2005 DOCG 750ml","vinho"
"Vinho Robert Mondavi Woodbridge Pinot Noir 2011 750 ml","vinho"
"Vinho Robert Mondavi Private Selection Pinot Noir 2011 750 ml","vinho"
"Vinho Selección Del Directorio Gran Reserva Chardonnay 750 ml","vinho"
"Vinho Santa Helena Reservado Cabernet-Merlot 750ml","vinho"
"Vinho E.Guigal Côtes Du Rhône -Tinto- 2009 750 ml","vinho"
"Vinho Don Pascual Reservado Tannat 2013 750ml","vinho"
"Vinho Chianti Melini DOCG Pian Del Masso 375 ml","vinho"
"Vinho Ruffino Aziano Chianti Classico DOCG 750 ml","vinho"
"Vinho Vermentino Di Sardegna DOC 2010 750ml","vinho"
"Vinho Monteoro Vermentino Di Gallura DOCG Superiore 2010 750ml","vinho"
"Vinho Gabbiano Chianti DOCG 2010 750ml","vinho"
"Vinho Monte Da Cal Regional Alentejano 750 ml","vinho"
"Vinho Frisante Branco Glamm 250 ml","vinho"
"Vinho Chateau Ksara 2008 750 ml","vinho"
"Vinho Chateau Ksara Le Prieuré 750 ml","vinho"
"Vinho Robert Mondavi Private Selection Cabernet Sauvignon 2011 750 ml","vinho"
"Vinho Robert Mondavi Woodbridge Zinfandel 2011 750 ml","vinho"
"Vinho Robert Mondavi Woodbridge Merlot 2011 750 ml","vinho"
"Vinho Robert Mondavi Private Selection Chardonnay 2011 750 ml","vinho"
"Vinho Misiones De Rengo Reserva Carmenère 750 ml","vinho"
"Vinho La Chablisienne Petit Chablis Pas Si Petit 2010 75ml","vinho"
"Vinho Barton Guestier Châteaux Les Charmes Magnol Médoc AOC 750 ml","vinho"
"Vinho La Celia Heritage Malbec 750 ml","vinho"
"Vinho Santa Helena Reserva Cabernet Sauvignon 375ml","vinho"
"Vinho Marqués De Riscal Reserva 750 ml","vinho"
"Vinho Trapiche Terroir Series Single Vineyards Kit 2009 (3x750 ml)","vinho"
"Vinho Penfolds Grange Shiraz 2007 750 ml","vinho"
"Vinho Penfolds Koonunga Hill Shiraz Cabernet 2010 750 ml","vinho"
"Vinho Selección Del Directorio Gran Reserva Shiraz 750ml","vinho"
"Vinho Selección Del Directorio Gran Reserva Cabernet Sauvignon 2009 375ml","vinho"
"Vinho La Celia Reserva Malbec 2009 375 ml","vinho"
"Vinho La Consulta Roble Cabernet Sauvignon 750 ml","vinho"
"Vinho La Consulta Pinot Grigio 750 ml","vinho"
"Vinho La Consulta Roble Cabernet Sauvignon 375 ml","vinho"
"Vinho La Celia Reserva Malbec 750 ml","vinho"
"Vinho Lambrusco Rose IGT Anella 750 ml","vinho"
"Vinho Casal Garcia Rose 750 ml","vinho"
"Vinho Obikwa Moscato 750 ml","vinho"
"Vinho Parras Viejas Cabernet Sauvignon 2011 750 ml","vinho"
"Vinho La Consulta Reserva Malbec 750 ml","vinho"
"Vinho Siglo De Oro Shiraz 750ml","vinho"
"Vinho French Tom Cabernet Sauvignon 750 ml","vinho"
"Vinho Don Pascual Roble Tannat 750 ml","vinho"
"Vinho Santa Helena Reservado Merlot 750ml","vinho"
"Vinho Santa Helena Reservado Carmenère 750ml","vinho"
"Vinho Robert Mondavi Woodbridge White Zinfandel 2011 750 ml","vinho"
"Vinho 1865 Single Vineyard - Sauvignon Blanc","vinho"
"Vinho Barton Guestier Partager Blanc 750 ml","vinho"
"Vinho Selección Del Directorio Gran Reserva Sauvignon Blanc 750ml","vinho"
"Vinho Cannonau Di Sardegna Riserva DOC 2007 750ml","vinho"
"Vinho Thomas Barton Réserve Sauternes AOC 750ml","vinho"
"Vinho Chianti Ruffino DOCG 2012 750 ml","vinho"
"Vinho Thomas Barton Reserve Priveée Medoc 2005 AOC Luxury Gift Pack 750ml","vinho"
"Vinho Siglo De Oro Chardonnay 750 ml","vinho"
"Vinho Don Pascual Reservado Cabernet Sauvignon 2012 750 ml","vinho"
"Vinho Don Pascual Reserve Pinot Noir 750 ml","vinho"
"Cerveja Bitburger Premium Beer - Pilsener 500ml","cerveja"
"Cerveja Bitburger Premium Beer - Pilsener Lata 330ml","cerveja"
"Cerveja Liefmans Cuvée Brut 750ml","cerveja"
"Cerveja Maredsous Blonde 750ml","cerveja"
"Cerveja Maredsous Brune 750ml","cerveja"
"Cerveja Bitburger Premium Beer - Pilsener Lata 500ml","cerveja"
"Cerveja Duvel 330ml","cerveja"
"Cerveja Mahou 5 Estrellas - Lata - 330ml","cerveja"
"Cerveja Benediktiner Weissbier 500ml","cerveja"
"Espumante Cava Codorníu Pinot Noir - Pack (1GF/2 Taças)","espumante"
"Espumante Cava Codorníu Clasico Semi-Seco 750 ml","espumante"
