"Sobretudo preto feminino","sobretudo feminino"
"Camiseta - Sagrado Coração de Jesus - Masculina","camiseta masculina"
"Camiseta - Sagrado Coração de Jesus - Feminina","camiseta femenina"
"Vestido Longo 2013/28","vestido"
"Vestido azul","vestido"
"Vestido Curto 2013/31","vestido"
"Vestido Longo 2013/25","vestido"
"Bolsa YW","bolsa"
"Bolsa Feminina Abertura Tripla Couro Legítimo","bolsa"
"bolsa/carteira miz","bolsa"
"Bolsinha de Celular Tipo Capa Com Espuma Protetora","bolsa"
"Bolsa Feminina Social De Couro Legítimo","bolsa"
"bolsa matelassê corrente dourada","bolsa"
"bolsa Ryo","bolsa"
"bolsa text","bolsa"
"bolsa chanel","bolsa"
"bolsa line preta","bolsa"
"bolsa dupla face","bolsa"
"Blusa rendada tie dye 2013/12","blusa"
"Blusa TW 2013/20","blusa"
"Regata vest 2013/24","blusa"
"Blusa listrada com bolso 2013/16","blusa"
"Blusa Tie Dye 2013/30","blusa"
"Blusa VV lisa 2013/13","blusa"
"Blusa zebra 2013/11","blusa"
"blusa VV lisa 2013/12","blusa"
"Blusa max 2013/05","blusa"
"Blusa chif 2013/72","blusa"
"Echarpe 2013/49","echarpe"
"Echarpe 2013/47","echarpe"
"Echarpe floral","echarpe"
"Cinto Masculino Dupla Face 100% Couro Legítimo","cinto"
"Cinto de Couro Soleta com Dupla Costura na Lateral","cinto"
"Cinto, Cinta, Cinturão Para Musculação Academia","cinto"
"Cinto Masculino Social Liso 4 Cm 100% Couro Legítimo","cinto"
"Cinto Apache Lilly Sarti Couro Legítimo","cinto"
"Cinto Masculino Alto Relevo 100% Couro Legítimo","cinto"
"Cinto de Couro Trançado Tressê","cinto"
"Cinto Feminino Largo 100% Couro Legítimo Artesanal","cinto"
"Cinto Masculino Soleta Cido 100% Couro Legítimo","cinto"
"Cinto Feminino Liso 100% Couro Legítimo Artesanal","cinto"
"Cinto De Couro Soleta 4 Cm De Largura 100% Couro Legítimo","cinto"
"Carteira De Couro Masculina 100% Legítimo! Lisa","carteira"
"Carteira Masculina Nezzon Botão","carteira masculina"
"Carteira Masculina Nezzon Aberta","carteira masculina"
"Carteira Masculina Panazzi Luxo","carteira masculina"
"Carteira Masculina FN Botão","carteira masculina"
"Carteira Masculina Lisa","carteira masculina"
"Televisão 40 pol","televisao"
"Televisão 40 polegadas","televisao"
"Televisão 40","televisao"
"TV 40 pol","televisao"
"TV 40 polegadas","televisao"
"TV 40","televisao"
"Televisor Sony Bravia","televisao"
"Caneca Personalizada","caneca"
"Caneca Star Wars","caneca"
"Caneca","caneca"
"Peitoral Para Pit Bull, Bull Terrie E Outras Raças","peitoral"
"Calça SR 2013/69","calça"
"Macacão 2013/27","macacao"
"Guardanapo de Papel","guardanapo"
"Chapeuzinho Personalizado","chapeu"
"Tequila Sauza Gold 750 ml","tequila"
"Tequila Sauza Blanco 750 ml","tequila"
"Vinho Santa Helena Reserva Cabernet Sauvignon  750ml","vinho"
"Vinho Alegoria Gran Reserva Malbec 750 ml","vinho"
"Vinho Barton Guestier Partager Rouge 750 ml","vinho"
"Vinho Georges Duboeuf Moulin A Vent 2011 750 ml","vinho"
"Vinho Barbi Brusco Dei Barbi IGT2010 750 ml","vinho"
"Vinho Castillo de Molina Reserva - Chardonnay 750 ml","vinho"
"Vinho Misiones De Rengo Reserva Cabernet Sauvignon 750 ml","vinho"
"Vinho Quinta Do Cardo Selecção Enólogo 2007 750 ml","vinho"
"Vinho Santa Helena Reservado Sauvignon Blanc 750 ml","vinho"
"Vinho Angaro Chardonnay 375 ml","vinho"
"Vinho Santa Helena Reservado Sauvignon Blanc 375 ml","vinho"
"Cerveja Wells Banana Bread Beer 330ml","cerveja"
"Cerveja Jenlain Or 750 ml","cerveja"
"Cerveja La Chouffe 750ml","cerveja"
"Cerveja Jenlain OR 330 ml","cerveja"
"Cerveja Alhambra Reserva 1925 330ml","cerveja"
"Cerveja Maredsous Triple 750ml","cerveja"
"Cerveja Duvel 750ml","cerveja"
"Cerveja Vedett Extra White 330ml","cerveja"
"Cerveja Mahou 5 Estrellas 330ml","cerveja"
"Cerveja Wells Waggle Dance 500 ml","cerveja"
"Cerveja Wells Bombardier 500ml","cerveja"
"Agenda Permanente Capa Dura","agenda"
"Espumante Barton e Guestier Sparkling Rosé Brut 750 ml","espumante"
"Espumante Prosecco Di Valdobbiadene DOC 750 ml","espumante"
"Espumante Prosecco Sperone Brut 200 ml","espumante"
"Espumante Navarro Correas Extra Brut 750 ml","espumante"
"Espumante Prosecco Visconti Della Rocca DOC","espumante"
"Espumante Ruffino Prosecco DOC 750 ml","espumante"
"Espumante Cava Codorníu Clasico Brut 750 ml","espumante"
"Espumante Sperone Moscato 750 ml","espumante"
"Espumante Cava Anna De Codorníu Brut 750 ml","espumante"
"Espumante Cava Codorníu Raventos Brut 750 ml","espumante"
"Espumante Cava Codorníu Pinot Noir Brut 750 ml","espumante"
"Champagne Armand de Brignac Brut Gold  750 ml","champagne"
"Champagne Armand de Brignac Brut Rosé 750ml","champagne"
"Champagne Dampierre Brut Millésime Family Reserve Gran Cru 2004 750 ml","champagne"
"Champagne Dampierre Brut Cuvée Des Ambassadeurs Premier Cru 750 ml","champagne"
"Champagne Cattier Brut Non-Millésimé 750 ml","champagne"
"Casaco Bolero 2013/10","casaco"
"Cardigan on 2013/9","casaco"
"Cardigan rendado 2013/01","casaco"
"Cardigan lurex 2013/03","casaco"
"Cardigan on 2013/6","casaco"
"Vintage Hot Rod '50s Telecaster","instrumento"
"Vintage Hot Rod '60s Precision Bass","instrumento"
"Vintage Hot Rod '60s Stratocaster","instrumento"
"57 Bandmaster","instrumento"
"65 Super Reverb","instrumento"
"Coronado Bass","instrumento"
"Case Gato de Bigode - iPhone 4/4s","celular"
"Skin Plain - iPhone 4/4s","celular"
"Case Plain - iPhone 4/4s","celular"
"Case Gato de Bigode - iPhone 5","celular"
"Skin Lobo do Mar - iPhone 5","celular"
"Skin Red Plain - iPhone 5","celular"
"Skin Lata de Sardinha - iPhone 5","celular"
"Case Plain - iPhone 5","celular"